stock_id,median_err_pct_base,n_years.x,r0_fit,K_fit_mil_t,rho_sst,median_err_pct_aug,nll,converged,n_years.y,r_fixed,K_fixed_mil_t,rho_sst_restricted,median_err_pct_restricted,nll_restricted,converged_restricted,n_years_chl,rho_chl_restricted,median_err_pct_chl,nll_chl,converged_chl,n_years_both,rho_sst_both,rho_chl_both,median_err_pct_both,nll_both,converged_both,delta_err_pct,delta_err_pct_restricted,delta_err_pct_chl,delta_err_pct_both,pass_aug,pass_restricted,pass_chl,pass_both
anchoveta_cs,95.16997191542802,24,0.07063730269973606,54956.877794887725,0.19847699166469765,49.862581212829994,14.20567385011236,TRUE,24,1,1800,-0.6132070528617273,43.78115769912534,10.254875296568997,TRUE,24,-2.7184896431084216,51.242805607909546,8.777348272325504,TRUE,24,-3,1.5352858276742294,19.013939966132657,10.943217980662405,TRUE,-45.30739070259803,-51.388814216302684,-43.927166307518476,-76.15603194929537,FALSE,FALSE,FALSE,TRUE
jurel_cs,44.236898533874935,17,0.23480423378854298,21355.679863090292,2.1875017629844833,50.504717921588124,31.766729096277125,TRUE,17,0.35,8000,-0.15179357803213508,44.29436874694811,38.85563914624114,TRUE,17,-1.0124941242143821,49.09381825574315,38.81649617207097,TRUE,17,0.5623912133920508,-3,48.497185459127316,38.713009310403635,TRUE,6.267819387713189,0.05747021307317368,4.856919721868216,4.26028692525238,FALSE,FALSE,FALSE,FALSE
sardina_comun_cs,98.97299675901486,24,0.09177810258092509,85050.97028271007,-6.286795971861238,17.396761778232047,1.4274263056610959,TRUE,24,0.9,2000,-2.5807435620721284,56.73916099690897,17.466937559838208,TRUE,24,-2.999999919210618,98.97299675901486,444.0759539830221,TRUE,24,-2.442020713873128,2.925793238196626,47.22024497899668,11.790563351539326,TRUE,-81.57623498078281,-42.23383576210589,0,-51.75275178001818,TRUE,FALSE,FALSE,FALSE
