year,species,zone,IND_asignada_t,IND_cesion_t,share,share_pct
2015,anchoveta,V-X,6272.999,-2509.409,0.400033,40.0
2015,sardina,V-X,65213.000,-21833.554,0.334804,33.5
2015,jurel,V-IX + XIV-X,203062.997,-17242.990,0.084914,8.5
2016,anchoveta,V-X,7287.998,-2138.124,0.293376,29.3
2016,sardina,V-X,59819.016,15645.432,0.261546,26.2
2016,jurel,V-IX + XIV-X,202991.000,11729.071,0.057781,5.8
2017,anchoveta,V-X,12557.999,-9034.178,0.719396,71.9
2017,sardina,V-X,72401.522,-48885.205,0.675196,67.5
2017,jurel,V-IX + XIV-X,228289.842,9685.418,0.042426,4.2
