"stock_id","scenario","window","n_models","mean_pct_change","var_within_avg","var_between","var_total","pct_within","pct_between","sd_within","sd_between","sd_total","stock_label","scenario_key","scenario_label"
"anchoveta_cs","ssp245","mid",5,-0.443861162482986,0.0221635817237491,0.0174228375815058,0.0395864193052549,0.559878415697148,0.440121584302852,0.148874382362276,0.131995596826204,0.198963361715807,"Anchoveta CS","ssp245_mid","SSP2-4.5, 2041-2060"
"anchoveta_cs","ssp245","end",5,-0.654352729105237,0.033228213592633,0.0151116626450686,0.0483398762377016,0.687387229318503,0.312612770681497,0.182286076244548,0.122929502744738,0.219863312623324,"Anchoveta CS","ssp245_end","SSP2-4.5, 2081-2100"
"anchoveta_cs","ssp585","mid",6,-0.558944685930091,0.024669942139698,0.0191868566776739,0.0438567988173719,0.562511236682558,0.437488763317442,0.157066680552236,0.138516629606968,0.209420149024328,"Anchoveta CS","ssp585_mid","SSP5-8.5, 2041-2060"
"anchoveta_cs","ssp585","end",6,-0.85461476673564,0.0338816789744622,0.00456635876267457,0.0384480377371368,0.881232982710482,0.118767017289518,0.184069766595338,0.0675748382363922,0.196081711888531,"Anchoveta CS","ssp585_end","SSP5-8.5, 2081-2100"
"sardina_comun_cs","ssp245","mid",5,-0.787777274907149,0.00248030961657984,0.0240018118818022,0.026482121498382,0.0936597778516866,0.906340222148313,0.049802706920205,0.154925181561301,0.162733283314699,"Common sardine CS","ssp245_mid","SSP2-4.5, 2041-2060"
"sardina_comun_cs","ssp245","end",5,-0.94101303724815,0.000938394303519487,0.00343877932505335,0.00437717362857284,0.214383614438765,0.785616385561235,0.0306332222190139,0.0586411061035972,0.0661602118238208,"Common sardine CS","ssp245_end","SSP2-4.5, 2081-2100"
"sardina_comun_cs","ssp585","mid",6,-0.874397333923263,0.0017847951256292,0.0112039162005094,0.0129887113261386,0.137411255113312,0.862588744886688,0.0422468356877672,0.105848553133755,0.113968027648717,"Common sardine CS","ssp585_mid","SSP5-8.5, 2041-2060"
"sardina_comun_cs","ssp585","end",6,-0.995053360880662,5.42713559229913e-05,3.51013384274442e-05,8.93726943504354e-05,0.607247619840017,0.392752380159983,0.0073669095231984,0.00592463825287622,0.00945371325725693,"Common sardine CS","ssp585_end","SSP5-8.5, 2081-2100"
