stock_id,regime,cross_med,cross_q25,cross_q75,within_q05,within_q95,n_models
anchoveta_cs,Art47,17.111174652,14.012040900000002,20.803759548000002,2.8683471960000047,75.54138520500001,6
anchoveta_cs,Ley21752,19.743663060000003,16.167739500000007,24.004337940000003,3.3096313800000052,87.163136775,6
sardina_comun_cs,Art47,0.28331647499999396,0.07366228349999818,1.4279150340000002,0.05666329499999376,1.6772335319999916,6
sardina_comun_cs,Ley21752,0.32690362499999304,0.0849949424999979,1.6475942700000001,0.0653807249999928,1.9352694599999902,6
jurel_cs,Art47,65.9221,65.9221,65.9221,65.9221,65.9221,6
jurel_cs,Ley21752,185.67929999999998,185.67929999999998,185.67929999999998,185.67929999999998,185.67929999999998,6
TOTAL_CS,Art47,83.316591127,80.0191358425,88.1254429345,68.847110491,147.42848508999998,6
TOTAL_CS,Ley21752,205.74986668499997,201.94511058749998,211.2985418475,189.05431210499998,279.72512895,6
