"TIPO_FLOTA","scenario","window","n_models","mean_pct_change","var_within_avg","var_between","var_total","pct_within","pct_between","sd_within","sd_between","sd_total","fleet_label","scenario_key","scenario_label"
"ART","ssp245","mid",5,-0.151857742705908,0.0316419150048791,0.00116835194340149,0.0328102669482806,0.964390660239272,0.0356093397607276,0.177881744439611,0.0341811635758863,0.18113604541416,"Artisanal","ssp245_mid","SSP2-4.5, 2041-2060"
"ART","ssp245","end",5,-0.173972804510962,0.0376344070962315,3.87887238614406e-05,0.037673195820093,0.998970389344013,0.00102961065598668,0.193995894534476,0.00622805939771295,0.194095841841326,"Artisanal","ssp245_end","SSP2-4.5, 2081-2100"
"ART","ssp585","mid",6,-0.170196117383734,0.0364448302855163,0.000103996308308608,0.0365488265938249,0.997154592417854,0.00284540758214598,0.190905291402612,0.0101978580255173,0.191177474075334,"Artisanal","ssp585_mid","SSP5-8.5, 2041-2060"
"ART","ssp585","end",6,-0.178436243757472,0.0391296302192226,7.43483406228568e-06,0.0391370650532849,0.999810030873491,0.000189969126508674,0.197812108373635,0.00272668921263236,0.19783090014779,"Artisanal","ssp585_end","SSP5-8.5, 2081-2100"
"IND","ssp245","mid",5,-0.0274898678649688,0.00203756240876279,3.81427522458651e-05,0.00207570516100866,0.981624195496373,0.0183758045036272,0.0451393665082131,0.00617598188516329,0.0455599073858657,"Industrial","ssp245_mid","SSP2-4.5, 2041-2060"
"IND","ssp245","end",5,-0.0312993640349052,0.00243591779482513,2.5968826054214e-07,0.00243617748308568,0.999893403390211,0.000106596609789373,0.0493550179295392,0.000509596173986952,0.0493576486786564,"Industrial","ssp245_end","SSP2-4.5, 2081-2100"
"IND","ssp585","mid",6,-0.0305450300157086,0.00234943847075634,2.29448391795211e-06,0.00235173295467429,0.999024343340773,0.000975656659227233,0.0484710064962173,0.00151475539872024,0.04849466934287,"Industrial","ssp585_mid","SSP5-8.5, 2041-2060"
"IND","ssp585","end",6,-0.0316810421849186,0.00246683145184524,3.57339410185133e-08,0.00246686718578626,0.999985514444708,1.44855552923186e-05,0.0496672070066884,0.000189034232398561,0.0496675667391333,"Industrial","ssp585_end","SSP5-8.5, 2081-2100"
