"TIPO_FLOTA","scenario","window","n_models","mean_pct_change","var_within_avg","var_between","var_total","pct_within","pct_between","sd_within","sd_between","sd_total","fleet_label","scenario_key","scenario_label"
"ART","ssp245","mid",5,-0.16784644898301,0.0308954067681005,0.000551949241944095,0.0314473560100446,0.982448469061507,0.0175515309384928,0.175770892835249,0.0234936000209439,0.177334023836501,"Artisanal","ssp245_mid","SSP2-4.5, 2041-2060"
"ART","ssp245","end",5,-0.188602019332567,0.0365658958835053,0.000150592917682057,0.0367164888011874,0.995898493494367,0.00410150650563263,0.191222111387531,0.0122716306040419,0.191615471194753,"Artisanal","ssp245_end","SSP2-4.5, 2081-2100"
"ART","ssp585","mid",6,-0.185887946705596,0.0354412089075535,8.98150659996957e-05,0.0355310239735532,0.997472207216247,0.0025277927837528,0.188258356806686,0.00947708109069959,0.188496747912406,"Artisanal","ssp585_mid","SSP5-8.5, 2041-2060"
"ART","ssp585","end",6,-0.205816250902869,0.0372099903525996,0.000311741011109369,0.0375217313637089,0.991691721043265,0.00830827895673506,0.19289891226391,0.0176561890313105,0.19370526932355,"Artisanal","ssp585_end","SSP5-8.5, 2081-2100"
"IND","ssp245","mid",5,-0.0286569524919601,0.00203737608471251,2.88403298865014e-05,0.00206621641459901,0.986041960714895,0.0139580392851048,0.0451373025856941,0.00537031934678948,0.0454556532743619,"Industrial","ssp245_mid","SSP2-4.5, 2041-2060"
"IND","ssp245","end",5,-0.0324061751738299,0.00243595075894552,9.9502357833401e-07,0.00243694578252385,0.999591692361205,0.000408307638795108,0.0493553518774359,0.000997508685843893,0.0493654310476861,"Industrial","ssp245_end","SSP2-4.5, 2081-2100"
"IND","ssp585","mid",6,-0.0317516869763703,0.00235175797499966,1.40206757420029e-06,0.00235316004257386,0.999404176703312,0.000595823296687768,0.0484949273120361,0.00118408934384205,0.0485093809749605,"Industrial","ssp585_mid","SSP5-8.5, 2041-2060"
"IND","ssp585","end",6,-0.0339095775369092,0.00247197509548629,1.99113076817851e-06,0.00247396622625447,0.999195166551973,0.000804833448026909,0.0497189611263781,0.00141107433120247,0.0497389809531164,"Industrial","ssp585_end","SSP5-8.5, 2081-2100"
