"TIPO_FLOTA","ssp","window","n_obs","n_survive","factor_trips_marg_med","factor_trips_marg_q05","factor_trips_marg_q95","pr_portfolio_loss","factor_trips_cond_med","factor_trips_cond_q05","factor_trips_cond_q95","factor_H_med","factor_H_q05","factor_H_q95","pr_decline","scenario_key","scenario_label","fleet_label"
"ART","ssp245","mid",12640000,590065,0.913465096112551,0.430261456589822,0.998934115758836,0.953317642405063,0.979787671118635,0.718473685874813,1.00815735421946,0.0104958160528469,0,0.483040815523172,0.993903481012658,"ssp245_mid","SSP2-4.5, 2041-2060","Artisanal"
"ART","ssp245","end",12640000,298546,0.907275017838266,0.415659291125544,0.998742758462236,0.97638085443038,0.982051931558806,0.730769073765762,1.02181760539824,0,0,0.28769517686648,0.996355300632911,"ssp245_end","SSP2-4.5, 2081-2100","Artisanal"
"ART","ssp585","mid",12640000,324233,0.907638906091901,0.418863834955456,0.998742758462236,0.974348655063291,0.982051931558806,0.724865753747884,1.00686905884166,0,0,0.338765775848947,0.996894857594937,"ssp585_mid","SSP5-8.5, 2041-2060","Artisanal"
"ART","ssp585","end",12640000,162427,0.906092331926265,0.410756051947996,0.998586615336724,0.987149762658228,0.986843273468516,0.756876629288559,1.03374364296058,0,0,0.122663264805456,0.997969620253165,"ssp585_end","SSP5-8.5, 2081-2100","Artisanal"
"IND","ssp245","mid",640000,564663,0.991245437394101,0.846232750682025,1,0.1177140625,0.992219062922657,0.916416848777168,1,0.954069471368314,0.233609440745446,1,0.746575,"ssp245_mid","SSP2-4.5, 2041-2060","Industrial"
"IND","ssp245","end",640000,561669,0.991245437394101,0.846232750682025,1,0.1223921875,0.9921274743647,0.90815666171093,1,0.954069471368314,0.233609440745446,1,0.748546875,"ssp245_end","SSP2-4.5, 2081-2100","Industrial"
"IND","ssp585","mid",640000,562425,0.991245437394101,0.846232750682025,1,0.1212109375,0.99221683500188,0.911775393111129,1,0.954069471368314,0.233609440745446,1,0.7483046875,"ssp585_mid","SSP5-8.5, 2041-2060","Industrial"
"IND","ssp585","end",640000,560660,0.991245437394101,0.846232750682025,1,0.12396875,0.9921274743647,0.907672213018682,1,0.954069471368314,0.233609440745446,1,0.7493703125,"ssp585_end","SSP5-8.5, 2081-2100","Industrial"
